{
  /*
  	// Place your snippets for CSS here. Each snippet is defined under a snippet name and has a prefix, body and 
  	// description. The prefix is what is used to trigger the snippet and the body will be expanded and inserted. Possible variables are:
  	// $1, $2 for tab stops, $0 for the final cursor position, and ${1:label}, ${2:another} for placeholders. Placeholders with the 
  	// same ids are connected.
  	// Example:
  	"Print to console": {
  		"prefix": "log",
  		"body": [
  			"console.log('$1');",
  			"$2"
  		],
  		"description": "Log output to console"
  	}
  */
  "Background": {
    "prefix": "bgc-mashaobo",
    "body": [
      "    background-color: #ddd|transparent; /*背景颜色*/\r\n    background-image: url('../a.png');/*规定要使用的背景图像。*/\r\n    background-repeat:repeat|repeat-x|repeat-y| no-repeat;/*如何重复背景图像*/\r\n    background-size: 60% 50%;/*背景图片的尺寸*/\r\n    background-attachment: scroll| fixed;/*设置背景图像是否固定或者随着页面的其余部分滚动*/\r\n    background-position: center;/*规定背景图像的位置。*/\r\n    background-origin: padding-box|border-box|content-box;/*规定背景图片的定位区域。*/\r\n    background-clip: border-box|padding-box|content-box;/*规定背景的绘制区域。*/\r\n    /*background:bg-color bg-image position/bg-size bg-repeat bg-origin bg-clip bg-attachment initial|inherit;*/"
    ],
    "description": "background所有属性--马少博"
  }
}